Ad group	Keyword	Currency	Avg. Monthly Searches (exact match only)	Competition	Suggested bid	Impr. share	In account?	In plan?	Extracted From
Chinese Language	chinese language learning	USD	1600	0.49	0.97	 --	N	N	
Chinese Language	learn chinese language	USD	2900	0.48	1.17	 --	N	N	
Chinese Language	how to learn chinese language	USD	1300	0.51	0.73	 --	N	N	
Chinese Language	learning chinese language	USD	1000	0.63	1.74	 --	N	N	
Chinese Language	chinese language	USD	33100	0.26	1.16	 --	N	N	
Chinese Language	chinese language translation	USD	1000	0.18	1.08	 --	N	N	
Chinese Language	chinese languages	USD	2900	0.11	1.87	 --	N	N	
Chinese Language	chinese language learn	USD	70	0.48	2.18	 --	N	N	
Chinese Language	chinese language course	USD	720	0.61	0.97	 --	N	N	
Chinese Language	chinese language courses	USD	210	0.78	2.64	 --	N	N	
Chinese Language	the chinese language	USD	260	0.12	2.52	 --	N	N	
Chinese Language	chinese language tutorial	USD	320	0.39	0.65	 --	N	N	
Chinese Language	chinese language school	USD	320	0.7	2.61	 --	N	N	
Chinese Language	chinese language software	USD	140	0.73	2.45	 --	N	N	
Chinese Language	chinese language learning software	USD	50	0.69	1.37	 --	N	N	
Chinese Language	chinese language training	USD	40	0.68	2.64	 --	N	N	
Chinese Language	learning the chinese language	USD	30	0.73	1.8	 --	N	N	
Chinese Language	learn the chinese language	USD	10	0.47	1.66	 --	N	N	
Chinese Flashcards	chinese flashcards	USD	880	0.44	0.54	 --	N	N	
Chinese Flashcards	chinese character flashcards	USD	70	0.61	0.27	 --	N	N	
Chinese Flashcards	chinese flashcards online	USD	40	0.27		 --	N	N	
Chinese Flashcards	chinese flashcards for kids	USD	30	0.59		 --	N	N	
Chinese Flashcards	integrated chinese flashcards	USD	50	0.02		 --	N	N	
Chinese Flashcards	chinese characters flashcards	USD	50	0.27		 --	N	N	
Chinese Flashcards	mandarin chinese flashcards	USD	20	0.66	0.36	 --	N	N	
Chinese Flashcards	tuttle chinese flashcards	USD	40	0.52	0.18	 --	N	N	
Chinese Flashcards	chinese vocabulary flashcards	USD	30	0.42	0.08	 --	N	N	
Chinese Flashcards	learn chinese flashcards	USD	30	0.56	0.3	 --	N	N	
Chinese Flashcards	flashcards chinese	USD	50	0.24	0.12	 --	N	N	
Chinese Flashcards	chinese flashcards free	USD	30	0.27	0.03	 --	N	N	
Chinese Flashcards	free chinese flashcards	USD	20	0.26	0.01	 --	N	N	
Chinese Flashcards	chinese radicals flashcards	USD	40	0.08		 --	N	N	
Chinese Flashcards	chinese pinyin flashcards	USD	20	0.2		 --	N	N	
Chinese Flashcards	traditional chinese flashcards	USD	10	0.02		 --	N	N	
Chinese Online	learn chinese online	USD	6600	0.65	2.44	 --	N	N	
Chinese Online	learning chinese online	USD	880	0.74	2.48	 --	N	N	
Chinese Online	learn chinese online free	USD	1000	0.46	1.38	 --	N	N	
Chinese Online	chinese online	USD	1000	0.34	1.54	 --	N	N	
Chinese Online	chinese learn online	USD	260	0.45	3.04	 --	N	N	
Chinese Online	online chinese	USD	480	0.41	2.11	 --	N	N	
Chinese Online	learning chinese online free	USD	210	0.57	1.77	 --	N	N	
Chinese Online	learn chinese language online	USD	260	0.68	1.7	 --	N	N	
Chinese Online	chinese learning online	USD	140	0.62	2.21	 --	N	N	
Chinese Online	online chinese learning	USD	170	0.76	1.49	 --	N	N	
Chinese Online	how to learn chinese online	USD	140	0.7	2.19	 --	N	N	
Chinese Online	learn chinese free online	USD	140	0.45	1.79	 --	N	N	
Chinese Online	learn chinese online for free	USD	70	0.51	1.11	 --	N	N	
Chinese Online	online learning chinese	USD	30	0.78	2.43	 --	N	N	
Chinese Online	online learn chinese	USD	20	0.75	1.95	 --	N	N	
Flashcard Maker	flashcard maker	USD	9900	0.11	1.35	 --	N	N	
Flashcard Maker	flashcards maker	USD	1900	0.16	1.13	 --	N	N	
Flashcard Maker	free online flashcard maker	USD	110	0.18	1.24	 --	N	N	
Flashcard Maker	online flashcard maker	USD	1000	0.11	1.47	 --	N	N	
Flashcard Maker	free flashcard maker	USD	720	0.15	1.23	 --	N	N	
Flashcard Maker	flashcard maker online	USD	320	0.13	1.37	 --	N	N	
Flashcard Maker	flashcard maker free	USD	90	0.18	1.61	 --	N	N	
Flashcard Maker	vocabulary flashcard maker	USD	50	0.11		 --	N	N	
Flashcard Maker	flashcard makers	USD	50	0.16	1.53	 --	N	N	
Flashcard Maker	free flashcards maker	USD	50	0.16	0.65	 --	N	N	
Flashcard Maker	online flashcard maker free	USD	50	0.11		 --	N	N	
Flashcard Maker	vocabulary flashcards maker	USD	30	0.25	1.01	 --	N	N	
Flashcard Maker	flashcards maker free	USD	30	0.14	0.5	 --	N	N	
Flashcard Maker	flashcard maker software	USD	30	0.08		 --	N	N	
Flashcard Maker	vocab flashcards maker	USD	30	0.14	1.5	 --	N	N	
Flashcard Maker	easy flashcard maker	USD	20	0.15	1.71	 --	N	N	
Make Flashcards	make online flashcards	USD	590	0.12	1.39	 --	N	N	
Make Flashcards	make flashcards	USD	1000	0.13	1.26	 --	N	N	
Make Flashcards	make flashcards online	USD	1000	0.11	1.04	 --	N	N	
Make Flashcards	make chinese flashcards	USD	10	0.15		 --	N	N	
Make Flashcards	making flashcards	USD	170	0.08	0.05	 --	N	N	
Make Flashcards	make flashcards to print	USD	110	0.1	1.15	 --	N	N	
Make Flashcards	make free flashcards	USD	70	0.18	1.19	 --	N	N	
Make Flashcards	making online flashcards	USD	30	0.13	0.94	 --	N	N	
Make Flashcards	make online flashcards free	USD	50	0.14	1.6	 --	N	N	
Make Flashcards	make free flashcards online	USD	20	0.14	0.79	 --	N	N	
Chinese Dictionary	chinese dictionary	USD	49500	0.09	0.15	 --	N	N	
Chinese Dictionary	chinese chinese dictionary	USD	390	0.22	0.2	 --	N	N	
Chinese Dictionary	english and chinese dictionary	USD	1000	0.05	0.59	 --	N	N	
Chinese Dictionary	dictionary chinese english	USD	590	0.04	0.79	 --	N	N	
Chinese Dictionary	chinese to chinese dictionary	USD	210	0.13	0.19	 --	N	N	
Chinese Dictionary	dictionary in chinese	USD	90	0.14	0.89	 --	N	N	
Chinese Dictionary	chinese character dictionary	USD	2900	0.07	0.45	 --	N	N	
Chinese Dictionary	dictionary chinese to chinese	USD	90	0.12	0.01	 --	N	N	
Chinese Dictionary	chinese characters dictionary	USD	390	0.09	1.02	 --	N	N	
Chinese Dictionary	english dictionary to chinese	USD	260	0.06	0.03	 --	N	N	
Chinese Dictionary	dictionary to chinese	USD	50	0.13	0.74	 --	N	N	
Chinese Dictionary	dictionary for chinese	USD	30	0.25	1.06	 --	N	N	
Chinese Dictionary	dictionary english and chinese	USD	20	0.11	0.02	 --	N	N	
Chinese Dictionary	dictionary of chinese	USD	20	0.05		 --	N	N	
Chinese Dictionary	dictionary from chinese to english	USD	50	0.06	0.25	 --	N	N	
Chinese Dictionary	learn chinese dictionary	USD	20	0.1		 --	N	N	
Chinese Dictionary	yabla chinese english dictionary	USD	30	0		 --	N	N	
Chinese Dictionary	dictionary chinese and english	USD	20	0.15		 --	N	N	
Chinese Dictionary	chinese simplified dictionary	USD	30	0.22		 --	N	N	
Chinese Dictionary	how to use chinese dictionary	USD	30	0.03		 --	N	N	
Chinese Dictionary	english & chinese dictionary	USD	20	0.05		 --	N	N	
Chinese Dictionary	simplified chinese characters dictionary	USD	20	0.49	0.3	 --	N	N	
Chinese Dictionary	how to use a chinese dictionary	USD	30	0		 --	N	N	
Chinese Dictionary	chinese dictionary english to chinese	USD	20	0.2	0.26	 --	N	N	
Chinese Dictionary	good chinese dictionary	USD	20	0.03		 --	N	N	
Chinese Dictionary	chinese & english dictionary	USD	20	0.12	2.33	 --	N	N	
Chinese Dictionary	chinese dictionary audio	USD	20	0.02		 --	N	N	
Speak Chinese	how to speak chinese	USD	4400	0.57	2.37	 --	N	N	
Speak Chinese	learn to speak chinese	USD	1000	0.7	2.97	 --	N	N	
Speak Chinese	speak chinese	USD	1600	0.39	1.95	 --	N	N	
Speak Chinese	speaking chinese	USD	590	0.42	1.94	 --	N	N	
Speak Chinese	learn how to speak chinese	USD	260	0.74	2.97	 --	N	N	
Speak Chinese	how do you speak chinese	USD	320	0.32	2.29	 --	N	N	
Speak Chinese	learning to speak chinese	USD	170	0.76	1.83	 --	N	N	
Speak Chinese	learn to speak chinese free	USD	50	0.67	1.11	 --	N	N	
Speak Chinese	learn speak chinese	USD	50	0.48	0.6	 --	N	N	
Speak Chinese	learn to speak chinese online	USD	50	0.66	0.84	 --	N	N	
Speak Chinese	speaking chinese language	USD	50	0.41	0.02	 --	N	N	
Speak Chinese	how to speak chinese mandarin	USD	70	0.4	1.37	 --	N	N	
Own Flashcards	make your own flashcards	USD	1600	0.15	1.29	 --	N	N	
Own Flashcards	make your own online flashcards	USD	170	0.13	2.14	 --	N	N	
Own Flashcards	create your own flashcards	USD	320	0.14	1.79	 --	N	N	
Own Flashcards	make your own flashcards online	USD	260	0.18	1.31	 --	N	N	
Own Flashcards	create own flashcards	USD	40	0.13	1.09	 --	N	N	
Own Flashcards	make own flashcards	USD	70	0.09	1.46	 --	N	N	
Own Flashcards	create your own printable flashcards	USD	20	0.07		 --	N	N	
Own Flashcards	free make your own flashcards	USD	20	0.22	1.11	 --	N	N	
Own Flashcards	create your own flashcards free	USD	20	0.34	1.69	 --	N	N	
Study Chinese	study chinese	USD	880	0.62	2.03	 --	N	N	
Study Chinese	study chinese online	USD	260	0.75	1.56	 --	N	N	
Study Chinese	how to study chinese	USD	210	0.58	1.77	 --	N	N	
Study Chinese	study chinese in china	USD	480	0.81	3.91	 --	N	N	
Study Chinese	study chinese language	USD	140	0.63	1.07	 --	N	N	
Study Chinese	studying chinese	USD	140	0.48	3.87	 --	N	N	
Study Chinese	study chinese characters	USD	20	0.15		 --	N	N	
Study Chinese	chinese language study	USD	50	0.66	1.41	 --	N	N	
Study Chinese	how to study chinese characters	USD	30	0.14		 --	N	N	
Study Chinese	study chinese in beijing	USD	90	0.69	7.58	 --	N	N	
Study Chinese	study in chinese characters	USD	20	0.05		 --	N	N	
Study Chinese	study chinese beijing	USD	20	0.83	4.13	 --	N	N	
Chinese Lessons	chinese lessons	USD	1600	0.57	2.96	 --	N	N	
Chinese Lessons	chinese language lessons	USD	390	0.7	1.57	 --	N	N	
Chinese Lessons	free chinese lessons	USD	480	0.59	1.42	 --	N	N	
Chinese Lessons	chinese lesson	USD	590	0.37	2.72	 --	N	N	
Chinese Lessons	chinese lessons online	USD	320	0.62	2.69	 --	N	N	
Chinese Lessons	online chinese lessons	USD	210	0.76	2.65	 --	N	N	
Chinese Lessons	free online chinese lessons	USD	90	0.53	0.79	 --	N	N	
Chinese Lessons	mandarin chinese lessons	USD	170	0.56	4.45	 --	N	N	
Printable Chinese	printable chinese flashcards	USD	50	0.28	0.21	 --	N	N	
Printable Chinese	chinese flashcards printable	USD	30	0.14	0.02	 --	N	N	
Printable Chinese	free printable chinese flashcards	USD	10	0.15		 --	N	N	
Printable Chinese	chinese english flashcards printable	USD	10	0.25		 --	N	N	
Printable Chinese	printable chinese characters	USD	40	0.16	0.13	 --	N	N	
Printable Chinese	chinese characters printable	USD	20	0.15		 --	N	N	
Chinese Characters	chinese characters	USD	27100	0.04	1.56	 --	N	N	
Chinese Characters	english to chinese characters	USD	720	0.06	1.88	 --	N	N	
Chinese Characters	english to chinese character	USD	260	0.03	1.69	 --	N	N	
Chinese Characters	chinese characters to english	USD	390	0.05	2.05	 --	N	N	
Chinese Characters	chinese character to english	USD	90	0.05	0.28	 --	N	N	
Chinese Characters	and in chinese characters	USD	70	0.07		 --	N	N	
Chinese Characters	you in chinese character	USD	50	0.01		 --	N	N	
Chinese Characters	chinese characters for chinese	USD	20	0.15		 --	N	N	
Chinese Characters	1000 chinese characters	USD	70	0.1	0.01	 --	N	N	
Chinese Characters	and in chinese character	USD	30	0.03		 --	N	N	
Chinese Characters	chinese characters game	USD	30	0.07	4.48	 --	N	N	
Chinese Characters	chinese character and	USD	10	0.05		 --	N	N	
Chinese Characters	chinese character cards	USD	20	0.23		 --	N	N	
Chinese Characters	chinese characters for english	USD	20	0.07		 --	N	N	
Chinese Characters	chinese character paper	USD	70	0.17		 --	N	N	
Chinese Characters	chinese character game	USD	40	0.02		 --	N	N	
Chinese Characters	create chinese characters	USD	20	0.05		 --	N	N	
Chinese Characters	how in chinese characters	USD	20	0		 --	N	N	
Chinese Characters	chinese characters english	USD	20	0.01		 --	N	N	
Chinese Characters	english chinese character	USD	10	0.05		 --	N	N	
Chinese Characters	like in chinese character	USD	50	0.02		 --	N	N	
Chinese Characters	open in chinese characters	USD	30	0.01		 --	N	N	
Chinese Characters	chinese character for a	USD	20	0		 --	N	N	
Chinese Characters	chinese characters for	USD	10	0.06		 --	N	N	
Chinese Characters	chinese character for is	USD	20	0		 --	N	N	
Chinese Characters	work in chinese characters	USD	20	0.01		 --	N	N	
Chinese Characters	chinese english characters	USD	10	0.03		 --	N	N	
Chinese Characters	english written in chinese characters	USD	10	0.02		 --	N	N	
Chinese Characters	english in chinese character	USD	10	0.01		 --	N	N	
Chinese Characters	like in chinese characters	USD	20	0		 --	N	N	
Chinese Characters	chinese character tool	USD	20	0.04		 --	N	N	
Online Flashcards	online flashcards	USD	8100	0.11	1.42	 --	N	N	
Online Flashcards	flashcards online	USD	1600	0.15	1.06	 --	N	N	
Online Flashcards	flashcard online	USD	210	0.14	1.34	 --	N	N	
Online Flashcards	online flashcard	USD	170	0.09	1.38	 --	N	N	
Online Flashcards	create online flashcards	USD	170	0.11	1.52	 --	N	N	
Online Flashcards	online flashcard creator	USD	30	0.12	1.52	 --	N	N	
Mandarin Dictionary	english mandarin dictionary	USD	720	0.04	0.09	 --	N	N	
Mandarin Dictionary	english to mandarin dictionary	USD	480	0.07	1.63	 --	N	N	
Mandarin Dictionary	mandarin dictionary	USD	2900	0.09	0.29	 --	N	N	
Mandarin Dictionary	mandarin chinese dictionary	USD	170	0.13	4.24	 --	N	N	
Mandarin Dictionary	chinese mandarin dictionary	USD	210	0.18	0.77	 --	N	N	
Mandarin Dictionary	mandarin dictionary free	USD	50	0.29	0.57	 --	N	N	
Mandarin Dictionary	dictionary mandarin to english	USD	70	0.09	3.73	 --	N	N	
Mandarin Dictionary	mandarin to english dictionary	USD	210	0.12	1.1	 --	N	N	
Mandarin Dictionary	dictionary mandarin english	USD	20	0.13		 --	N	N	
Mandarin Dictionary	mandarin dictionary audio	USD	50	0.14		 --	N	N	
Mandarin Dictionary	dictionary english mandarin	USD	50	0.04	0.06	 --	N	N	
Mandarin Dictionary	mandarin dictionary to english	USD	40	0.08		 --	N	N	
Mandarin Dictionary	mandarin chinese english dictionary	USD	20	0.28	0.02	 --	N	N	
Mandarin Dictionary	english to mandarin chinese dictionary	USD	30	0.14	2.39	 --	N	N	
Mandarin Dictionary	dictionary english to mandarin chinese	USD	10	0.26	0.02	 --	N	N	
Mandarin Dictionary	english to mandarin dictionary with audio	USD	20	0.29	0.26	 --	N	N	
Chinese Vocabulary	chinese vocabulary	USD	1300	0.12	0.48	 --	N	N	
Chinese Vocabulary	learn chinese vocabulary	USD	170	0.13		 --	N	N	
Chinese Vocabulary	vocabulary in chinese	USD	70	0.13		 --	N	N	
Chinese Vocabulary	vocabulary chinese	USD	50	0.1		 --	N	N	
Chinese Vocabulary	chinese vocabulary lists	USD	50	0.08		 --	N	N	
Chinese Vocabulary	mandarin chinese vocabulary	USD	30	0.14		 --	N	N	
Chinese Vocabulary	chinese vocabulary game	USD	40	0.04		 --	N	N	
Chinese Vocabulary	how to learn chinese vocabulary	USD	20	0.3		 --	N	N	
Chinese Vocabulary	chinese vocabularies	USD	10	0.14		 --	N	N	
Chinese Vocabulary	chinese vocabulary words	USD	30	0.2		 --	N	N	
Chinese Vocabulary	chinese vocabulary book	USD	20	0.31	0.69	 --	N	N	
Chinese Vocabulary	chinese mandarin vocabulary	USD	20	0.1		 --	N	N	
Chinese Vocabulary	chinese vocabulary audio	USD	20	0.11		 --	N	N	
Chinese Word	chinese words	USD	14800	0.17	0.6	 --	N	N	
Chinese Word	english to chinese words	USD	260	0.04	0.66	 --	N	N	
Chinese Word	chinese words in english	USD	1600	0.16	1.39	 --	N	N	
Chinese Word	chinese word list	USD	170	0.14	0.48	 --	N	N	
Chinese Word	measure words chinese	USD	210	0		 --	N	N	
Chinese Word	english chinese words	USD	50	0.08	2.14	 --	N	N	
Chinese Word	chinese word dictionary	USD	90	0.15	0.46	 --	N	N	
Chinese Word	english words to chinese words	USD	30	0.19	0.96	 --	N	N	
Chinese Word	chinese words dictionary	USD	30	0.17	0.18	 --	N	N	
Chinese Word	word of chinese	USD	10	0.06		 --	N	N	
Chinese Word	chinese to english words	USD	70	0.09		 --	N	N	
Chinese Word	chinese word game	USD	50	0.02	0.11	 --	N	N	
Chinese Word	chinese english words	USD	50	0.05		 --	N	N	
Chinese Word	simplified chinese words	USD	20	0.19		 --	N	N	
Chinese Word	chinese words in chinese	USD	10	0.13		 --	N	N	
Chinese Word	english word to chinese character	USD	30	0.15	0.65	 --	N	N	
Chinese Word	chinese word maker	USD	20	0.04		 --	N	N	
Chinese Word	chinese word lists	USD	10	0.14		 --	N	N	
Chinese Word	example of chinese words	USD	10	0.25	0.02	 --	N	N	
Chinese Word	1000 chinese words	USD	20	0.12		 --	N	N	
Chinese Word	english word in chinese	USD	20	0.03		 --	N	N	
Chinese Word	english words to chinese	USD	20	0.06	6.6	 --	N	N	
Chinese Word	chinese in english words	USD	20	0.11	0.01	 --	N	N	
Chinese Word	the word english in chinese characters	USD	30	0.03		 --	N	N	
Chinese Word	chinese words copy and paste	USD	20	0.1		 --	N	N	
Chinese Word	chinese english word	USD	10	0.03		 --	N	N	
Chinese Word	english words to chinese characters	USD	20	0.1	1.91	 --	N	N	
Mandarin Chinese	mandarin chinese	USD	12100	0.05	3.07	 --	N	N	
Mandarin Chinese	chinese mandarin	USD	4400	0.11	3.81	 --	N	N	
Mandarin Chinese	mandarin chinese language	USD	480	0.33	2.13	 --	N	N	
Mandarin Chinese	mandarin in chinese	USD	210	0.08	4.2	 --	N	N	
Mandarin Chinese	chinese in mandarin	USD	110	0.04		 --	N	N	
Mandarin Chinese	english to chinese mandarin	USD	110	0.04	4.66	 --	N	N	
Mandarin Chinese	chinese mandarin language	USD	210	0.33	0.99	 --	N	N	
Mandarin Chinese	mandarin to chinese	USD	30	0.16		 --	N	N	
Mandarin Chinese	mandarin chinese to english	USD	70	0.05		 --	N	N	
Mandarin Chinese	chinese to mandarin	USD	20	0.13	1.01	 --	N	N	
Mandarin Chinese	chinese and mandarin	USD	50	0.12		 --	N	N	
Mandarin Chinese	what in mandarin chinese	USD	10	0.06		 --	N	N	
Mandarin Chinese	chinese mandarin for beginners	USD	20	0.26	1.07	 --	N	N	
English Flashcards	english flashcards	USD	1300	0.22	0.24	 --	N	N	
English Flashcards	chinese english flashcards	USD	20	0.69	0.35	 --	N	N	
English Flashcards	flashcards english	USD	720	0.11	0.37	 --	N	N	
English Flashcards	english flashcard	USD	70	0.13	0.91	 --	N	N	
English Flashcards	flashcard english	USD	70	0.17	0.18	 --	N	N	
English Flashcards	english vocabulary flashcards	USD	140	0.5	0.47	 --	N	N	
English Flashcards	flashcards for english	USD	30	0.4		 --	N	N	
English Flashcards	flashcards in english	USD	50	0.08		 --	N	N	
English Flashcards	flashcard vocabulary english	USD	20	0.27		 --	N	N	
English Flashcards	flashcards english vocabulary	USD	90	0.43	0.53	 --	N	N	
English Flashcards	free english flashcards	USD	50	0.2	0.48	 --	N	N	
English Flashcards	flashcards vocabulary english	USD	40	0.31	0.86	 --	N	N	
English Flashcards	flashcard english vocabulary	USD	40	0.21	0.18	 --	N	N	
English Flashcards	printable english flashcards	USD	30	0.23		 --	N	N	
English Flashcards	flashcards to teach english	USD	30	0.45	0.58	 --	N	N	
English Flashcards	learn english flashcards	USD	20	0.55	0.53	 --	N	N	
Characters Learn	learn chinese characters	USD	1900	0.2	2.65	 --	N	N	
Characters Learn	learning chinese characters	USD	720	0.3	3.16	 --	N	N	
Characters Learn	learn chinese characters online	USD	110	0.31	2.55	 --	N	N	
Characters Learn	how to learn chinese characters	USD	390	0.24	1.61	 --	N	N	
Characters Learn	learn chinese character	USD	70	0.15	1.85	 --	N	N	
Characters Learn	chinese characters learn	USD	40	0.13		 --	N	N	
Characters Learn	learn in chinese character	USD	20	0.17		 --	N	N	
Characters Learn	how to learn chinese character	USD	10	0.12		 --	N	N	
Characters Learn	learn chinese characters free	USD	20	0.29		 --	N	N	
Characters Learn	chinese character learn	USD	20	0.05		 --	N	N	
Characters Learn	learn chinese characters game	USD	20	0.2	3.01	 --	N	N	
Mandarin	mandarin flashcards	USD	70	0.27		 --	N	N	
Mandarin	mandarin language	USD	14800	0.23	1.03	 --	N	N	
Mandarin	best way to learn mandarin	USD	880	0.35	3.45	 --	N	N	
Mandarin	mandarin lessons	USD	1000	0.68	2.97	 --	N	N	
Mandarin	how to speak mandarin	USD	1000	0.53	2.49	 --	N	N	
Mandarin	common mandarin words	USD	70	0.07	0.02	 --	N	N	
Mandarin	learn mandarin apps	USD	20	0.23	1.28	 --	N	N	
Mandarin	free mandarin lessons	USD	260	0.53	1.47	 --	N	N	
Mandarin	learn mandarin easy	USD	30	0.3	1.48	 --	N	N	
Mandarin	chinese mandarin words	USD	170	0.29	0.51	 --	N	N	
Mandarin	learn mandarin words	USD	50	0.27	0.46	 --	N	N	
Mandarin	mandarin lessons online	USD	170	0.64	1.57	 --	N	N	
Mandarin	mandarin word	USD	90	0.05		 --	N	N	
Mandarin	learn mandarin game	USD	20	0.15		 --	N	N	
Mandarin	mandarin chinese words	USD	140	0.22	2.12	 --	N	N	
Mandarin	learn mandarin numbers	USD	20	0.31		 --	N	N	
Mandarin	mandarin to pinyin	USD	140	0.01		 --	N	N	
Mandarin	in mandarin	USD	90	0.01	2.28	 --	N	N	
Mandarin	study in mandarin	USD	50	0.24		 --	N	N	
Mandarin	learn mandarin vocabulary	USD	20	0.25		 --	N	N	
Mandarin	learn mandarin book	USD	50	0.73	2.93	 --	N	N	
Mandarin	english to mandarin words	USD	20	0.05		 --	N	N	
Mandarin	mandarin in chinese characters	USD	40	0.04		 --	N	N	
Mandarin	apps to learn mandarin	USD	40	0.31	0.9	 --	N	N	
Mandarin	is in mandarin	USD	70	0		 --	N	N	
Mandarin	learn mandarin characters	USD	50	0.22	2.69	 --	N	N	
Mandarin	mandarin characters to english	USD	50	0.04		 --	N	N	
Mandarin	english mandarin pinyin	USD	10	0.07		 --	N	N	
Mandarin	how to learn mandarin on your own	USD	30	0.32	1.47	 --	N	N	
Mandarin	mandarin easy to learn	USD	30	0.27	3.6	 --	N	N	
Mandarin	chinese mandarin words in english	USD	20	0.36	0.01	 --	N	N	
Mandarin	mandarin you	USD	20	0.04		 --	N	N	
Mandarin	how to learn mandarin characters	USD	20	0.4		 --	N	N	
Mandarin	how easy is it to learn mandarin	USD	20	0.12		 --	N	N	
Mandarin	chinese in mandarin characters	USD	20	0.04		 --	N	N	
Free Flashcards	free flashcards	USD	720	0.13	0.83	 --	N	N	
Free Flashcards	free online flashcards	USD	210	0.15	1.39	 --	N	N	
Free Flashcards	online flashcards free	USD	110	0.14	1.98	 --	N	N	
Free Flashcards	flashcards free	USD	110	0.13	0.93	 --	N	N	
Free Flashcards	free flashcards online	USD	70	0.17	0.87	 --	N	N	
Free Flashcards	free flashcard	USD	90	0.11	0.57	 --	N	N	
Free Flashcards	create flashcards free	USD	30	0.14	1.58	 --	N	N	
Free Flashcards	free flashcards for kids	USD	40	0.28		 --	N	N	
Free Flashcards	online free flashcards	USD	30	0.23		 --	N	N	
Free Flashcards	flashcard free	USD	30	0.11		 --	N	N	
Free Flashcards	free flashcard template	USD	70	0.19		 --	N	N	
Free Flashcards	free flashcard software	USD	30	0.09		 --	N	N	
Free Flashcards	create free flashcards	USD	40	0.17	1.23	 --	N	N	
Free Flashcards	free flashcard program	USD	30	0.15	0.15	 --	N	N	
Free Flashcards	free vocabulary flashcards	USD	20	0.37	0.23	 --	N	N	
Free Flashcards	flashcards for free	USD	20	0.19		 --	N	N	
Vocabulary Flashcards	vocabulary flashcards	USD	320	0.2	0.3	 --	N	N	
Vocabulary Flashcards	flashcards vocabulary	USD	90	0.22	0.23	 --	N	N	
Vocabulary Flashcards	flashcards for vocabulary	USD	40	0.62	0.29	 --	N	N	
Vocabulary Flashcards	gre vocabulary flashcards	USD	390	0.71	1.78	 --	N	N	
Vocabulary Flashcards	flashcard vocabulary	USD	40	0.14		 --	N	N	
Vocabulary Flashcards	vocabulary flashcard	USD	50	0.05		 --	N	N	
Chinese Writing	chinese writing	USD	18100	0.09	1.33	 --	N	N	
Chinese Writing	how to write in chinese	USD	1900	0.18	1.41	 --	N	N	
Chinese Writing	how to write chinese	USD	1300	0.09	1.04	 --	N	N	
Chinese Writing	learn to write chinese	USD	390	0.39	1.75	 --	N	N	
Chinese Writing	learn chinese writing	USD	260	0.3	1.4	 --	N	N	
Chinese Writing	learn how to write chinese	USD	90	0.35	3.38	 --	N	N	
Chinese Writing	how to write china in chinese language	USD	30	0.27		 --	N	N	
Chinese Apps	chinese apps	USD	390	0.34	1.7	 --	N	N	
Chinese Apps	learn chinese apps	USD	70	0.28	0.26	 --	N	N	
Chinese Apps	apps in chinese	USD	70	0.12		 --	N	N	
Chinese Apps	apps chinese	USD	20	0.21		 --	N	N	
Chinese Apps	apps to learn chinese	USD	90	0.27	2.43	 --	N	N	
Chinese Apps	chinese free apps	USD	40	0.29		 --	N	N	
Chinese Apps	chinese dictionary apps	USD	10	0.13		 --	N	N	
Chinese Apps	free apps chinese	USD	20	0.29		 --	N	N	
Chinese Apps	chinese game apps	USD	20	0.31	1.31	 --	N	N	
Chinese Apps	dictionary english to chinese apps	USD	20	0.22	0.01	 --	N	N	
Flashcard App	chinese flashcard app	USD	20	0.06		 --	N	N	
Flashcard App	flashcard apps	USD	390	0.15	3.23	 --	N	N	
Flashcard App	apps for flashcards	USD	40	0.21		 --	N	N	
Flashcard App	flashcards apps	USD	50	0.19		 --	N	N	
Flashcard App	free flashcard apps	USD	20	0.15		 --	N	N	
Flashcard App	apps flashcards	USD	10	0.15		 --	N	N	
Flashcard App	good flashcard apps	USD	30	0.07		 --	N	N	
Free Chinese	learn chinese free	USD	720	0.47	0.95	 --	N	N	
Free Chinese	free chinese dictionary	USD	90	0.12	0.01	 --	N	N	
Free Chinese	learn chinese for free	USD	210	0.54	0.84	 --	N	N	
Free Chinese	english to chinese dictionary free	USD	170	0.27	0.16	 --	N	N	
Free Chinese	free english to chinese dictionary	USD	50	0.11		 --	N	N	
Free Chinese	chinese dictionary free	USD	20	0.27		 --	N	N	
Free Chinese	free chinese to english dictionary	USD	20	0.34	2.76	 --	N	N	
Free Chinese	free english chinese dictionary	USD	70	0.13	1.65	 --	N	N	
Free Chinese	learning chinese free	USD	40	0.53	2.07	 --	N	N	
Free Chinese	free in chinese characters	USD	20	0.03		 --	N	N	
Free Chinese	free chinese videos	USD	40	0.45	2.56	 --	N	N	
Free Chinese	free learn chinese	USD	30	0.35	0.77	 --	N	N	
Free Chinese	english chinese dictionary free	USD	40	0.08	0.56	 --	N	N	
Free Chinese	learn chinese language free	USD	30	0.57	1.55	 --	N	N	
Free Chinese	how to learn chinese for free	USD	30	0.66	1.29	 --	N	N	
Free Chinese	free chinese learning	USD	30	0.47	2.26	 --	N	N	
Free Chinese	learn free chinese	USD	20	0.52	1.1	 --	N	N	
Free Chinese	how to learn chinese free	USD	10	0.57	1.74	 --	N	N	
Printable Flashcards	printable flashcards	USD	880	0.09	0.65	 --	N	N	
Printable Flashcards	make printable flashcards	USD	210	0.03	1.28	 --	N	N	
Printable Flashcards	create printable flashcards	USD	90	0.04	0.98	 --	N	N	
Printable Flashcards	free printable flashcards	USD	320	0.12	0.93	 --	N	N	
Printable Flashcards	spanish flashcards printable	USD	170	0.18	0.25	 --	N	N	
Printable Flashcards	kanji flashcards printable	USD	50	0.05		 --	N	N	
Printable Flashcards	printable vocabulary flashcards	USD	20	0.08	0.12	 --	N	N	
Printable Flashcards	flashcards free printable	USD	20	0.15	0.05	 --	N	N	
Printable Flashcards	printable free flashcards	USD	10	0.16		 --	N	N	
Notecards	online notecards	USD	1000	0.19	2.6	 --	N	N	
Notecards	make online notecards	USD	40	0.19	1.26	 --	N	N	
Notecards	notecard maker	USD	390	0.07	1.85	 --	N	N	
Notecards	free online notecards	USD	40	0.13	1.55	 --	N	N	
Notecards	make notecards online	USD	70	0.25	1.67	 --	N	N	
Vocab	vocab flashcards	USD	170	0.14	0.99	 --	N	N	
Vocab	chinese vocab	USD	110	0.01		 --	N	N	
Vocab	vocab game	USD	210	0.02		 --	N	N	
Vocab	chinese vocab lists	USD	20	0.02		 --	N	N	
Vocab	vocab lists	USD	90	0.03	0.09	 --	N	N	
Words To Learn	learn chinese words	USD	320	0.34	1.23	 --	N	N	
Words To Learn	learn chinese word	USD	30	0.38	2.19	 --	N	N	
Words To Learn	how to learn chinese words	USD	20	0.69	0.72	 --	N	N	
Words To Learn	chinese words to learn	USD	20	0.31		 --	N	N	
Words To Learn	learn chinese words in english	USD	30	0.42		 --	N	N	
Words To Learn	easy chinese words to learn	USD	10	0.24	2.99	 --	N	N	
Chinese Kids	learn chinese for kids	USD	480	0.62	2.94	 --	N	N	
Chinese Kids	learning chinese for kids	USD	110	0.64	2.05	 --	N	N	
Chinese Kids	kids learn chinese	USD	90	0.5	1.84	 --	N	N	
Chinese Kids	chinese language for kids	USD	70	0.61	1.71	 --	N	N	
Chinese Kids	chinese lessons for kids	USD	70	0.71	2.98	 --	N	N	
Chinese Kids	learn chinese kids	USD	50	0.49	2.42	 --	N	N	
Chinese Kids	chinese learning for kids	USD	30	0.68	3.09	 --	N	N	
Chinese Kids	learn chinese online for kids	USD	20	0.77	3.92	 --	N	N	
Chinese Numbers	numbers in chinese characters	USD	140	0.02	1.06	 --	N	N	
Chinese Numbers	chinese numbers pinyin	USD	320	0.01		 --	N	N	
Chinese Numbers	learn chinese numbers	USD	90	0.13		 --	N	N	
Chinese Numbers	numbers in chinese pinyin	USD	70	0.02		 --	N	N	
Chinese Numbers	chinese pinyin numbers	USD	40	0.01		 --	N	N	
Chinese Numbers	chinese numbers mandarin	USD	20	0		 --	N	N	
Words Flashcards	sight word flashcards	USD	880	0.76	0.43	 --	N	N	
Words Flashcards	word flashcards	USD	90	0.43	0.51	 --	N	N	
Words Flashcards	flashcard words	USD	20	0.17		 --	N	N	
Words Flashcards	flashcards on word	USD	40	0.07		 --	N	N	
Words Flashcards	words flashcards	USD	30	0.29	0.39	 --	N	N	
Words Flashcards	flashcards for vocabulary words	USD	30	0.44	0.26	 --	N	N	
Words Flashcards	flashcards word	USD	30	0.25		 --	N	N	
Words Flashcards	flashcards words	USD	30	0.54	0.3	 --	N	N	
Words Flashcards	flashcards in word	USD	30	0.09		 --	N	N	
Words Flashcards	flashcards with words	USD	20	0.65	0.16	 --	N	N	
Words Flashcards	common words flashcards	USD	20	0.15		 --	N	N	
Pinyin Dictionary	chinese dictionary pinyin	USD	880	0.18	0.22	 --	N	N	
Pinyin Dictionary	dictionary chinese pinyin	USD	20	0.11	0.01	 --	N	N	
Pinyin Dictionary	pinyin chinese dictionary	USD	70	0.09	0.86	 --	N	N	
Pinyin Dictionary	english to chinese pinyin dictionary	USD	30	0.25		 --	N	N	
Pinyin Dictionary	chinese pinyin english dictionary	USD	20	0.03		 --	N	N	
Pinyin Dictionary	chinese pinyin to english dictionary	USD	20	0.17	1.67	 --	N	N	
Pinyin Dictionary	pinyin to chinese dictionary	USD	20	0.12	0.02	 --	N	N	
Pinyin Dictionary	english to chinese dictionary pinyin	USD	20	0.22	0.02	 --	N	N	
Pinyin Dictionary	pinyin english chinese dictionary	USD	20	0.07		 --	N	N	
Numbers Flashcards	numbers flashcards	USD	590	0.24	0.16	 --	N	N	
Numbers Flashcards	flashcards numbers	USD	260	0.05		 --	N	N	
Numbers Flashcards	numbers flashcards printable	USD	140	0.09		 --	N	N	
Numbers Flashcards	flashcard numbers	USD	40	0.05		 --	N	N	
Numbers Flashcards	numbers flashcard	USD	30	0.06		 --	N	N	
Numbers Flashcards	flashcards of numbers	USD	30	0.26		 --	N	N	
Numbers Flashcards	flashcards with numbers	USD	30	0.58	0.23	 --	N	N	
Numbers Flashcards	flashcards for numbers	USD	20	0.49	0.12	 --	N	N	
Teaching Chinese	teach chinese	USD	170	0.58	1.78	 --	N	N	
Teaching Chinese	teach yourself chinese	USD	210	0.39	1.31	 --	N	N	
Teaching Chinese	teaching chinese	USD	210	0.58	1.49	 --	N	N	
Teaching Chinese	chinese teaching	USD	170	0.47	1.83	 --	N	N	
Teaching Chinese	how to teach chinese characters	USD	30	0.16	2.12	 --	N	N	
Common Chinese	common chinese words	USD	320	0.07	2.21	 --	N	N	
Common Chinese	chinese common words	USD	70	0.05	0.01	 --	N	N	
Common Chinese	1000 most common chinese words	USD	50	0.03		 --	N	N	
Common Chinese	1000 most common chinese characters	USD	50	0.01		 --	N	N	
Common Chinese	common chinese words in english	USD	20	0.11	0.01	 --	N	N	
Common Chinese	common chinese sentences	USD	20	0		 --	N	N	
Chinese Pinyin	english to chinese pinyin	USD	880	0.07	0.35	 --	N	N	
Chinese Pinyin	chinese word pinyin	USD	90	0.06		 --	N	N	
Chinese Pinyin	chinese to pinyin tool	USD	50	0.03		 --	N	N	
Chinese Pinyin	pinyin to chinese word	USD	20	0.09		 --	N	N	
Chinese Pinyin	chinese pinyin to chinese	USD	30	0.1	1.4	 --	N	N	
Chinese Pinyin	learn chinese with pinyin	USD	10	0.31		 --	N	N	
Download Flashcards	mandarin chinese flashcards free download	USD	10	0.4	0.43	 --	N	N	
Download Flashcards	download flashcards	USD	40	0.31		 --	N	N	
Download Flashcards	download flashcard	USD	30	0.07		 --	N	N	
Download Flashcards	flashcards free download	USD	40	0.11	0.02	 --	N	N	
Download Flashcards	flashcard maker download	USD	30	0.09	0.06	 --	N	N	
Download Flashcards	flashcard free download	USD	20	0.1		 --	N	N	
Download Flashcards	flashcards download free	USD	20	0.13		 --	N	N	
Download Flashcards	download flashcard maker	USD	20	0.08	2.08	 --	N	N	
Flashcard Study	study flashcards	USD	390	0.12	1.04	 --	N	N	
Flashcard Study	flashcards study	USD	90	0.09	0.02	 --	N	N	
Flashcard Study	flashcard study	USD	50	0.1		 --	N	N	
Flashcard Study	study with flashcards	USD	30	0.16		 --	N	N	
Flashcard Study	study flashcard	USD	30	0.09		 --	N	N	
Flashcard Study	flashcards to study	USD	20	0.27	0.25	 --	N	N	
Flashcard Study	flashcards for study	USD	20	0.19		 --	N	N	
Download Chinese	chinese dictionary download	USD	260	0.22	0.03	 --	N	N	
Download Chinese	english to chinese dictionary free download	USD	170	0.23	0.02	 --	N	N	
Download Chinese	download chinese word	USD	40	0.23	0.36	 --	N	N	
Download Chinese	download chinese dictionary	USD	90	0.35	0.15	 --	N	N	
Download Chinese	chinese words download	USD	30	0.15	4.39	 --	N	N	
Download Chinese	learn chinese download	USD	30	0.32	0.32	 --	N	N	
Download Chinese	chinese simplified download	USD	50	0.17	0.01	 --	N	N	
Download Chinese	chinese to english dictionary free download	USD	40	0.34	0.01	 --	N	N	
Download Chinese	download english to chinese dictionary	USD	30	0.18	0.02	 --	N	N	
Download Chinese	download chinese characters	USD	30	0.17	0.02	 --	N	N	
Download Chinese	chinese pin yin download	USD	20	0.05		 --	N	N	
Download Chinese	chinese to english dictionary download	USD	20	0.15	0.04	 --	N	N	
Download Chinese	download dictionary chinese to english	USD	20	0.28	0.01	 --	N	N	
Download Chinese	chinese text download	USD	20	0.03		 --	N	N	
Download Chinese	simplified chinese download	USD	20	0.03		 --	N	N	
Download Chinese	chinese character download	USD	20	0.22		 --	N	N	
Download Chinese	dictionary chinese to english free download	USD	20	0.22		 --	N	N	
Download Chinese	download chinese simplified	USD	10	0.2		 --	N	N	
Download Chinese	download pinyin chinese	USD	20	0.21	0.04	 --	N	N	
Download Chinese	download chinese character	USD	10	0.03		 --	N	N	
English Chinese	english to simplified chinese	USD	210	0.01		 --	N	N	
English Chinese	learn chinese english	USD	10	0.41		 --	N	N	
English Chinese	chinese simplified to english	USD	90	0		 --	N	N	
English Chinese	learn chinese in english	USD	30	0.48	0.84	 --	N	N	
English Chinese	learn chinese from english	USD	20	0.41		 --	N	N	
English Chinese	learn english chinese	USD	30	0.61	3.01	 --	N	N	
English Chinese	how to learn chinese from english	USD	10	0.48		 --	N	N	
Easy Chinese	learn chinese easy	USD	140	0.33	2.19	 --	N	N	
Easy Chinese	easy way to learn chinese	USD	140	0.37	1.21	 --	N	N	
Easy Chinese	easy chinese characters	USD	110	0.03		 --	N	N	
Easy Chinese	easy learn chinese	USD	40	0.47	1.81	 --	N	N	
Easy Chinese	easy to learn chinese	USD	50	0.2	2.78	 --	N	N	
Easy Chinese	learn easy chinese	USD	30	0.26	5.44	 --	N	N	
Easy Chinese	how to learn chinese easy	USD	10	0.22	0.67	 --	N	N	
Easy Chinese	easy in chinese character	USD	10	0		 --	N	N	
Chinese Book	learn chinese book	USD	140	0.62	3.68	 --	N	N	
Chinese Book	chinese characters book	USD	50	0.55	0.46	 --	N	N	
Chinese Book	chinese character for book	USD	30	0.1		 --	N	N	
Chinese Book	book in chinese character	USD	20	0.18		 --	N	N	
Chinese Book	chinese character book	USD	40	0.46		 --	N	N	
Chinese Book	free chinese book	USD	20	0.41	0.04	 --	N	N	
Chinese Book	chinese book download	USD	30	0.21		 --	N	N	
Chinese Book	chinese book character	USD	10	0.11		 --	N	N	
Chinese Book	chinese dictionary book	USD	20	0.71	0.83	 --	N	N	
Chinese Book	book in chinese characters	USD	10	0.41		 --	N	N	
Maker Printable	printable flashcard maker	USD	170	0.21	1.26	 --	N	N	
Maker Printable	printable flashcards maker	USD	90	0.2	0.51	 --	N	N	
Maker Printable	free printable flashcard maker	USD	70	0.06	1.61	 --	N	N	
Maker Printable	flashcard maker printable	USD	50	0.15	0.9	 --	N	N	
Maker Printable	flashcards maker printable	USD	40	0.17		 --	N	N	
Maker Printable	online flashcard maker printable	USD	40	0.07	1.5	 --	N	N	
Flashcards	flashcards	USD	33100	0.15	0.93	 --	N	N	
Flashcards	flashcards for toddlers	USD	1600	0.9	0.39	 --	N	N	
Flashcards	flashcards for kids	USD	3600	0.66	0.44	 --	N	N	
Flashcards	flashcard	USD	9900	0.11	0.44	 --	N	N	
Flashcards	create flashcards	USD	1000	0.1	1.34	 --	N	N	
Flashcards	flashcard machine	USD	6600	0.04	6.68	 --	N	N	
Flashcards	spanish flashcards	USD	2900	0.84	0.83	 --	N	N	
Flashcards	kanji flashcards	USD	720	0.16	0.3	 --	N	N	
Flashcards	flashcards for babies	USD	1000	0.89	0.44	 --	N	N	
Flashcards	flashcard creator	USD	320	0.1	1.56	 --	N	N	
Flashcards	flashcards for children	USD	140	0.61	0.71	 --	N	N	
Flashcards	flashcard template	USD	1000	0.06	0.45	 --	N	N	
Flashcards	abc flashcards	USD	590	0.44	0.27	 --	N	N	
Flashcards	flashcard generator	USD	390	0.06	1.08	 --	N	N	
Flashcards	flashcard software	USD	390	0.08	3.43	 --	N	N	
Flashcards	italian flashcards	USD	390	0.88	1.11	 --	N	N	
Flashcards	korean flashcards	USD	590	0.3	0.11	 --	N	N	
Flashcards	electronic flashcards	USD	260	0.72	0.83	 --	N	N	
Flashcards	flashcard program	USD	260	0.07	1.12	 --	N	N	
Flashcards	picture flashcards	USD	390	0.78	0.5	 --	N	N	
Flashcards	phonics flashcards	USD	1000	0.66	0.46	 --	N	N	
Flashcards	arabic flashcards	USD	480	0.45	0.19	 --	N	N	
Flashcards	dictionary flashcards	USD	70	0.09		 --	N	N	
Flashcards	virtual flashcards	USD	210	0.16	1	 --	N	N	
Flashcards	flashcards for preschoolers	USD	170	0.66	0.4	 --	N	N	
Flashcards	flashcards software	USD	140	0.11	0.06	 --	N	N	
Flashcards	character flashcards	USD	20	0.07		 --	N	N	
Flashcards	anki flashcard	USD	320	0.02	0.07	 --	N	N	
Flashcards	flashcard for baby	USD	90	0.38	0.36	 --	N	N	
Flashcards	medical flashcards	USD	260	0.65	0.55	 --	N	N	
Flashcards	flashcards for kindergarten	USD	210	0.42	0.36	 --	N	N	
Flashcards	how to use flashcards	USD	170	0.03		 --	N	N	
Flashcards	flashcards for gre	USD	140	0.77	0.12	 --	N	N	
Flashcards	flashcards create	USD	20	0.12	0.99	 --	N	N	
Flashcards	create flashcard	USD	30	0.08	1.33	 --	N	N	
Flashcards	baby bumblebee flashcards	USD	40	0.22		 --	N	N	
Flashcards	flashcards to go	USD	40	0.07		 --	N	N	
Flashcards	flashcard application	USD	40	0.09	1.48	 --	N	N	
Flashcards	flashcards anki	USD	90	0.01		 --	N	N	
Flashcards	quizlet flashcard	USD	70	0.08		 --	N	N	
Flashcards	computer flashcards	USD	50	0.23		 --	N	N	
Flashcards	flashcards program	USD	90	0.06		 --	N	N	
Flashcards	flashcard quizlet	USD	70	0.08		 --	N	N	
Flashcards	childrens flashcards	USD	20	0.93	0.37	 --	N	N	
Flashcards	how to create flashcards	USD	50	0.05		 --	N	N	
Flashcards	flashcards application	USD	20	0.17	1.53	 --	N	N	
Flashcards	flashcard programs	USD	50	0.07		 --	N	N	
Flashcards	are flashcards	USD	40	0.22	1.84	 --	N	N	
Flashcards	pinyin flashcards	USD	40	0.07		 --	N	N	
Flashcards	yellow bridge flashcards	USD	40	0.19		 --	N	N	
Flashcards	use of flashcards	USD	20	0.08		 --	N	N	
Flashcards	yellowbridge flashcards	USD	40	0.01		 --	N	N	
Flashcards	flashcard anki	USD	40	0.01		 --	N	N	
Flashcards	flashcards game	USD	30	0.16		 --	N	N	
Flashcards	flashcard set	USD	10	0.51		 --	N	N	
Flashcards	easy flashcards	USD	30	0.03		 --	N	N	
Flashcards	google play flashcards	USD	20	0.04		 --	N	N	
Flashcards	tool flashcards	USD	10	0.1		 --	N	N	
Flashcards	flashcard book	USD	20	0.26	2.46	 --	N	N	
Flashcards	flashcards for computer	USD	10	0.59		 --	N	N	
Flashcards	how to use flashcard	USD	20	0.09		 --	N	N	
Flashcards	flashcards for students	USD	20	0.2	0.38	 --	N	N	
Flashcards	flashcards with audio	USD	20	0.12		 --	N	N	
Learn Chinese	learn chinese	USD	22200	0.51	2.62	 --	N	N	
Learn Chinese	chinese learning	USD	1600	0.48	2.04	 --	N	N	
Learn Chinese	learning chinese	USD	6600	0.57	2.29	 --	N	N	
Learn Chinese	i want to learn chinese	USD	260	0.58	2.17	 --	N	N	
Learn Chinese	how to learn chinese	USD	4400	0.53	2.22	 --	N	N	
Learn Chinese	chinese learn	USD	390	0.34	3.81	 --	N	N	
Learn Chinese	best way to learn chinese	USD	880	0.28	3.83	 --	N	N	
Learn Chinese	chinese learning center	USD	1900	0.11	6.03	 --	N	N	
Learn Chinese	how to learn chinese fast	USD	720	0.48	2.89	 --	N	N	
Learn Chinese	learn chinese software	USD	70	0.6	4.24	 --	N	N	
Learn Chinese	learn chinese with	USD	30	0.38		 --	N	N	
Learn Chinese	learn chinese fast	USD	210	0.53	2.74	 --	N	N	
Learn Chinese	learn chinese in shanghai	USD	260	0.78	6.6	 --	N	N	
Learn Chinese	chinese to learn	USD	40	0.52	8.86	 --	N	N	
Learn Chinese	chinese learning website	USD	210	0.46	2.19	 --	N	N	
Learn Chinese	why learn chinese	USD	480	0.09	1.83	 --	N	N	
Learn Chinese	learn in chinese	USD	210	0.3	1.76	 --	N	N	
Learn Chinese	to learn chinese	USD	50	0.45	0.63	 --	N	N	
Learn Chinese	learn chinese game	USD	90	0.18	2.52	 --	N	N	
Learn Chinese	learn chinese beijing	USD	40	0.73	3.68	 --	N	N	
Learn Chinese	chinese learning software	USD	140	0.62	2.19	 --	N	N	
Learn Chinese	learn chinese in	USD	20	0.79	3.28	 --	N	N	
Learn Chinese	learn chinese everyday	USD	170	0.16	1.51	 --	N	N	
Learn Chinese	learn to chinese	USD	10	0.49	1.42	 --	N	N	
Learn Chinese	learn chinese audio	USD	110	0.38	1.29	 --	N	N	
Learn Chinese	learn chinese now	USD	140	0.24		 --	N	N	
Learn Chinese	to learn in chinese	USD	30	0.26		 --	N	N	
Learn Chinese	how can i learn chinese	USD	50	0.5	1.26	 --	N	N	
Learn Chinese	how do you learn chinese	USD	20	0.64	2.92	 --	N	N	
Learn Chinese	learn chinese video	USD	90	0.35	1.43	 --	N	N	
Learn Chinese	easiest way to learn chinese	USD	110	0.39	1.63	 --	N	N	
Learn Chinese	fastest way to learn chinese	USD	90	0.34	3.52	 --	N	N	
Learn Chinese	how learn chinese	USD	40	0.49	2.36	 --	N	N	
Learn Chinese	learn chinese nyc	USD	110	0.83	8.73	 --	N	N	
Learn Chinese	learn simplified chinese	USD	90	0.16	1.72	 --	N	N	
Learn Chinese	want to learn chinese	USD	50	0.64	1.63	 --	N	N	
Learn Chinese	learn how to chinese	USD	20	0.22		 --	N	N	
Learn Chinese	learn chinese shanghai	USD	90	0.9	9.7	 --	N	N	
Learn Chinese	where to learn chinese	USD	50	0.58	0.02	 --	N	N	
Learn Chinese	learn chinese simplified	USD	20	0.26	1.3	 --	N	N	
Learn Chinese	learn chinese videos	USD	50	0.29		 --	N	N	
Learn Chinese	learn chinese china	USD	40	0.81	3.39	 --	N	N	
Learn Chinese	children learning chinese	USD	40	0.56	3.19	 --	N	N	
Learn Chinese	learn conversational chinese	USD	30	0.53		 --	N	N	
Learn Chinese	where can i learn chinese	USD	30	0.81	1.25	 --	N	N	
Learn Chinese	learn written chinese	USD	30	0.19		 --	N	N	
Learn Chinese	which chinese to learn	USD	20	0.16		 --	N	N	
Learn Chinese	learn chinese website	USD	30	0.44	1.77	 --	N	N	
Learn Chinese	learn chineses	USD	40	0.42	0.02	 --	N	N	
Learn Chinese	how to learn chinese on your own	USD	20	0.15		 --	N	N	
Learn Chinese	learn chinese dvd	USD	30	0.99	1.61	 --	N	N	
Learn Chinese	learn chinese sentences	USD	20	0.21		 --	N	N	
Chinese	chinese practice	USD	170	0.07	1.41	 --	N	N	
Chinese	chinese course	USD	480	0.49	2.24	 --	N	N	
Chinese	chinese translation	USD	22200	0.04	1.74	 --	N	N	
Chinese	chinese alphabet	USD	33100	0.03	0.78	 --	N	N	
Chinese	how to talk chinese	USD	320	0.59	1.76	 --	N	N	
Chinese	chinese greetings	USD	1900	0.03	0.41	 --	N	N	
Chinese	chinese sentences	USD	1000	0.03	1.3	 --	N	N	
Chinese	chinese class	USD	590	0.46	2.66	 --	N	N	
Chinese	chinese classes	USD	390	0.68	5.64	 --	N	N	
Chinese	chinese written in chinese	USD	50	0.15		 --	N	N	
Chinese	chinese tutorial	USD	260	0.12	1.44	 --	N	N	
Chinese	chinese courses	USD	170	0.57	1.92	 --	N	N	
Chinese	how to talk in chinese	USD	140	0.55	1.2	 --	N	N	
Chinese	audio chinese	USD	40	0.15		 --	N	N	
Chinese	chinese symbol maker	USD	20	0.03		 --	N	N	
Chinese	chinese to simplified chinese	USD	10	0.02		 --	N	N	
Chinese	most popular chinese symbols	USD	20	0.06		 --	N	N	
Keywords like: Gre Vocabulary	chinese flashcard	USD	70	0.13	0.28	 --	N	N	
Keywords like: Gre Vocabulary	multiplication cards	USD	880	0.71	0.36	 --	N	N	
Keywords like: Gre Vocabulary	index cards online	USD	390	0.82	1.02	 --	N	N	
Keywords like: Gre Vocabulary	study cards	USD	1000	0.16	0.98	 --	N	N	
Keywords like: Gre Vocabulary	china language	USD	5400	0.2	1.41	 --	N	N	
Keywords like: Gre Vocabulary	vocabulary cards	USD	590	0.3	0.42	 --	N	N	
Keywords like: Gre Vocabulary	gre vocabulary	USD	8100	0.15	2.44	 --	N	N	
Keywords like: Gre Vocabulary	l e a r n c h i n e s e	USD	320	0.41	3.24	 --	N	N	
Keywords like: Gre Vocabulary	word cards	USD	880	0.27	0.31	 --	N	N	
Keywords like: Gre Vocabulary	learn chines	USD	210	0.52	1.12	 --	N	N	
Keywords like: Gre Vocabulary	language cards	USD	170	0.65	0.96	 --	N	N	
Keywords like: Gre Vocabulary	flashard	USD	50	0.02		 --	N	N	
Keywords like: Gre Vocabulary	learn chineese	USD	140	0.58	2.58	 --	N	N	
Keywords like: Gre Vocabulary	create study cards	USD	20	0.11	1.3	 --	N	N	
Keywords like: Gre Vocabulary	learn china	USD	90	0.41	1.36	 --	N	N	
Keywords like: Gre Vocabulary	how to speak chines	USD	50	0.55	2.61	 --	N	N	
Keywords like: Gre Vocabulary	learn chinease	USD	70	0.49	5.82	 --	N	N	
Keywords like: Gre Vocabulary	learn chinesse	USD	70	0.37	2.05	 --	N	N	
Keywords like: Gre Vocabulary	learning chines	USD	50	0.55	0.7	 --	N	N	
Keywords like: Gre Vocabulary	free printable cue cards	USD	10	0.02		 --	N	N	
Keywords like: Gre Vocabulary	china to english dictionary	USD	30	0.06	0.02	 --	N	N	
Keywords like: Gre Vocabulary	learning chineese	USD	40	0.52	1.75	 --	N	N	
Keywords like: Gre Vocabulary	learn putonghua	USD	30	0.66	1.94	 --	N	N	
Keywords like: Gre Vocabulary	printable study cards	USD	20	0.12		 --	N	N	